ID,departmentCode,name,createdAt,createdBy,modifiedAt,modifiedBy
2789393a-549d-410b-a597-16f3fe612794,de-2789393,name-2789393,2006-01-28T00:00:00.000Z,createdBy.1nsb5@example.net,2022-10-05T00:00:00.000Z,modifiedBy.1nsb5@example.com
12257840-8595-4f66-a0ac-782245719b9f,e-12257840,name-12257840,2014-02-22T00:00:00.000Z,createdBy.7aq7k@example.org,2014-04-04T00:00:00.000Z,modifiedBy.7aq7k@example.com
12257841-463e-4308-ad2b-97371f8a7dec,e-12257841,name-12257841,2005-06-05T00:00:00.000Z,createdBy.7aq7l@example.org,2011-10-07T00:00:00.000Z,modifiedBy.7aq7l@example.net
12257842-34bd-4f6b-902d-26417b1204cf,e-12257842,name-12257842,2005-10-20T00:00:00.000Z,createdBy.7aq7m@example.org,2015-07-18T00:00:00.000Z,modifiedBy.7aq7m@example.org
12257843-214e-42a5-a8c0-1920adbe5097,e-12257843,name-12257843,2010-08-05T00:00:00.000Z,createdBy.7aq7n@example.org,2016-08-23T00:00:00.000Z,modifiedBy.7aq7n@example.net
12257844-6d52-4323-be7a-0c95df27c0f4,e-12257844,name-12257844,2006-01-05T00:00:00.000Z,createdBy.7aq7o@example.com,2019-08-03T00:00:00.000Z,modifiedBy.7aq7o@example.org
12257845-6af6-4745-8f94-bbb7dfe7e283,e-12257845,name-12257845,2020-05-21T00:00:00.000Z,createdBy.7aq7p@example.net,2011-05-08T00:00:00.000Z,modifiedBy.7aq7p@example.org
12257846-721a-4293-9cd3-7c09e101884f,e-12257846,name-12257846,2011-03-06T00:00:00.000Z,createdBy.7aq7q@example.org,2018-04-08T00:00:00.000Z,modifiedBy.7aq7q@example.com
12257847-e7d3-4849-8394-0e60b4854e84,e-12257847,name-12257847,2000-11-26T00:00:00.000Z,createdBy.7aq7r@example.com,2013-05-11T00:00:00.000Z,modifiedBy.7aq7r@example.org
12257848-d2ea-4485-beb0-5b6926da9cfa,e-12257848,name-12257848,2005-12-12T00:00:00.000Z,createdBy.7aq7s@example.net,2009-06-13T00:00:00.000Z,modifiedBy.7aq7s@example.net
